store_key,district
S0001,HABIGANJ
S0002,HABIGANJ
S0003,HABIGANJ
S0004,HABIGANJ
S0005,HABIGANJ
S0006,HABIGANJ
S0007,HABIGANJ
S0008,HABIGANJ
S0009,MAULVIBAZAR
S0010,MAULVIBAZAR
S0011,MAULVIBAZAR
S0012,MAULVIBAZAR
S0013,MAULVIBAZAR
S0014,MAULVIBAZAR
S0015,MAULVIBAZAR
S0016,SUNAMGANJ
S0017,SUNAMGANJ
S0018,SUNAMGANJ
S0019,SUNAMGANJ
S0020,SUNAMGANJ
S0021,SUNAMGANJ
S0022,SUNAMGANJ
S0023,SUNAMGANJ
S0024,SUNAMGANJ
S0025,SUNAMGANJ
S0026,SUNAMGANJ
S0027,SYLHET
S0028,SYLHET
S0029,SYLHET
S0030,SYLHET
S0031,SYLHET
S0032,SYLHET
S0033,SYLHET
S0034,SYLHET
S0035,SYLHET
S0036,SYLHET
S0037,SYLHET
S0038,SYLHET
S0039,DINAJPUR
S0040,DINAJPUR
S0041,DINAJPUR
S0042,DINAJPUR
S0043,DINAJPUR
S0044,DINAJPUR
S0045,DINAJPUR
S0046,DINAJPUR
S0047,DINAJPUR
S0048,DINAJPUR
S0049,DINAJPUR
S0050,DINAJPUR
S0051,DINAJPUR
S0052,GAIBANDHA
S0053,GAIBANDHA
S0054,GAIBANDHA
S0055,GAIBANDHA
S0056,GAIBANDHA
S0057,GAIBANDHA
S0058,GAIBANDHA
S0059,KURIGRAM
S0060,KURIGRAM
S0061,KURIGRAM
S0062,KURIGRAM
S0063,KURIGRAM
S0064,KURIGRAM
S0065,KURIGRAM
S0066,KURIGRAM
S0067,KURIGRAM
S0068,LALMONIRHAT
S0069,LALMONIRHAT
S0070,LALMONIRHAT
S0071,LALMONIRHAT
S0072,LALMONIRHAT
S0073,NILPHAMARI
S0074,NILPHAMARI
S0075,NILPHAMARI
S0076,NILPHAMARI
S0077,NILPHAMARI
S0078,NILPHAMARI
S0079,PANCHAGARH
S0080,PANCHAGARH
S0081,PANCHAGARH
S0082,PANCHAGARH
S0083,PANCHAGARH
S0084,RANGPUR
S0085,RANGPUR
S0086,RANGPUR
S0087,RANGPUR
S0088,RANGPUR
S0089,RANGPUR
S0090,RANGPUR
S0091,RANGPUR
S0092,THAKURGAON
S0093,THAKURGAON
S0094,THAKURGAON
S0095,THAKURGAON
S0096,THAKURGAON
S0097,BOGRA
S0098,BOGRA
S0099,BOGRA
S00100,BOGRA
S00101,BOGRA
S00102,BOGRA
S00103,BOGRA
S00104,BOGRA
S00105,BOGRA
S00106,BOGRA
S00107,BOGRA
S00108,BOGRA
S00109,JOYPURHAT
S00110,JOYPURHAT
S00111,JOYPURHAT
S00112,JOYPURHAT
S00113,JOYPURHAT
S00114,NAOGAON
S00115,NAOGAON
S00116,NAOGAON
S00117,NAOGAON
S00118,NAOGAON
S00119,NAOGAON
S00120,NAOGAON
S00121,NAOGAON
S00122,NAOGAON
S00123,NAOGAON
S00124,NAOGAON
S00125,NATORE
S00126,NATORE
S00127,NATORE
S00128,NATORE
S00129,NATORE
S00130,NATORE
S00131,NATORE
S00132,CHAPAI NABABGANJ
S00133,CHAPAI NABABGANJ
S00134,CHAPAI NABABGANJ
S00135,CHAPAI NABABGANJ
S00136,CHAPAI NABABGANJ
S00137,PABNA
S00138,PABNA
S00139,PABNA
S00140,PABNA
S00141,PABNA
S00142,PABNA
S00143,PABNA
S00144,PABNA
S00145,PABNA
S00146,RAJSHAHI
S00147,RAJSHAHI
S00148,RAJSHAHI
S00149,RAJSHAHI
S00150,RAJSHAHI
S00151,RAJSHAHI
S00152,RAJSHAHI
S00153,RAJSHAHI
S00154,RAJSHAHI
S00155,RAJSHAHI
S00156,RAJSHAHI
S00157,RAJSHAHI
S00158,RAJSHAHI
S00159,SIRAJGANJ
S00160,SIRAJGANJ
S00161,SIRAJGANJ
S00162,SIRAJGANJ
S00163,SIRAJGANJ
S00164,SIRAJGANJ
S00165,SIRAJGANJ
S00166,SIRAJGANJ
S00167,SIRAJGANJ
S00168,BAGERHAT
S00169,BAGERHAT
S00170,BAGERHAT
S00171,BAGERHAT
S00172,BAGERHAT
S00173,BAGERHAT
S00174,BAGERHAT
S00175,BAGERHAT
S00176,BAGERHAT
S00177,CHUADANGA
S00178,CHUADANGA
S00179,CHUADANGA
S00180,CHUADANGA
S00181,JESSORE
S00182,JESSORE
S00183,JESSORE
S00184,JESSORE
S00185,JESSORE
S00186,JESSORE
S00187,JESSORE
S00188,JESSORE
S00189,JHENAIDAH
S00190,JHENAIDAH
S00191,JHENAIDAH
S00192,JHENAIDAH
S00193,JHENAIDAH
S00194,JHENAIDAH
S00195,KHULNA
S00196,KHULNA
S00197,KHULNA
S00198,KHULNA
S00199,KHULNA
S00200,KHULNA
S00201,KHULNA
S00202,KHULNA
S00203,KHULNA
S00204,KHULNA
S00205,KHULNA
S00206,KHULNA
S00207,KHULNA
S00208,KHULNA
S00209,KUSHTIA
S00210,KUSHTIA
S00211,KUSHTIA
S00212,KUSHTIA
S00213,KUSHTIA
S00214,KUSHTIA
S00215,MAGURA
S00216,MAGURA
S00217,MAGURA
S00218,MAGURA
S00219,MEHERPUR
S00220,MEHERPUR
S00221,MEHERPUR
S00222,NARAIL
S00223,NARAIL
S00224,NARAIL
S00225,SATKHIRA
S00226,SATKHIRA
S00227,SATKHIRA
S00228,SATKHIRA
S00229,SATKHIRA
S00230,SATKHIRA
S00231,SATKHIRA
S00232,DHAKA
S00233,DHAKA
S00234,DHAKA
S00235,DHAKA
S00236,DHAKA
S00237,DHAKA
S00238,DHAKA
S00239,DHAKA
S00240,DHAKA
S00241,DHAKA
S00242,DHAKA
S00243,DHAKA
S00244,DHAKA
S00245,DHAKA
S00246,DHAKA
S00247,DHAKA
S00248,DHAKA
S00249,DHAKA
S00250,DHAKA
S00251,DHAKA
S00252,DHAKA
S00253,DHAKA
S00254,DHAKA
S00255,DHAKA
S00256,DHAKA
S00257,DHAKA
S00258,DHAKA
S00259,DHAKA
S00260,DHAKA
S00261,DHAKA
S00262,DHAKA
S00263,DHAKA
S00264,DHAKA
S00265,DHAKA
S00266,DHAKA
S00267,DHAKA
S00268,DHAKA
S00269,DHAKA
S00270,DHAKA
S00271,DHAKA
S00272,DHAKA
S00273,DHAKA
S00274,DHAKA
S00275,DHAKA
S00276,DHAKA
S00277,DHAKA
S00278,DHAKA
S00279,DHAKA
S00280,DHAKA
S00281,DHAKA
S00282,DHAKA
S00283,DHAKA
S00284,DHAKA
S00285,DHAKA
S00286,FARIDPUR
S00287,FARIDPUR
S00288,FARIDPUR
S00289,FARIDPUR
S00290,FARIDPUR
S00291,FARIDPUR
S00292,FARIDPUR
S00293,FARIDPUR
S00294,FARIDPUR
S00295,GAZIPUR
S00296,GAZIPUR
S00297,GAZIPUR
S00298,GAZIPUR
S00299,GAZIPUR
S00300,GOPALGANJ
S00301,GOPALGANJ
S00302,GOPALGANJ
S00303,GOPALGANJ
S00304,GOPALGANJ
S00305,JAMALPUR
S00306,JAMALPUR
S00307,JAMALPUR
S00308,JAMALPUR
S00309,JAMALPUR
S00310,JAMALPUR
S00311,JAMALPUR
S00312,KISHOREGONJ
S00313,KISHOREGONJ
S00314,KISHOREGONJ
S00315,KISHOREGONJ
S00316,KISHOREGONJ
S00317,KISHOREGONJ
S00318,KISHOREGONJ
S00319,KISHOREGONJ
S00320,KISHOREGONJ
S00321,KISHOREGONJ
S00322,KISHOREGONJ
S00323,KISHOREGONJ
S00324,KISHOREGONJ
S00325,MADARIPUR
S00326,MADARIPUR
S00327,MADARIPUR
S00328,MADARIPUR
S00329,MANIKGANJ
S00330,MANIKGANJ
S00331,MANIKGANJ
S00332,MANIKGANJ
S00333,MANIKGANJ
S00334,MANIKGANJ
S00335,MANIKGANJ
S00336,MUNSHIGANJ
S00337,MUNSHIGANJ
S00338,MUNSHIGANJ
S00339,MUNSHIGANJ
S00340,MUNSHIGANJ
S00341,MUNSHIGANJ
S00342,MYMENSINGH
S00343,MYMENSINGH
S00344,MYMENSINGH
S00345,MYMENSINGH
S00346,MYMENSINGH
S00347,MYMENSINGH
S00348,MYMENSINGH
S00349,MYMENSINGH
S00350,MYMENSINGH
S00351,MYMENSINGH
S00352,MYMENSINGH
S00353,MYMENSINGH
S00354,MYMENSINGH
S00355,NARAYANGANJ
S00356,NARAYANGANJ
S00357,NARAYANGANJ
S00358,NARAYANGANJ
S00359,NARAYANGANJ
S00360,NARSINGDI
S00361,NARSINGDI
S00362,NARSINGDI
S00363,NARSINGDI
S00364,NARSINGDI
S00365,NARSINGDI
S00366,NETRAKONA
S00367,NETRAKONA
S00368,NETRAKONA
S00369,NETRAKONA
S00370,NETRAKONA
S00371,NETRAKONA
S00372,NETRAKONA
S00373,NETRAKONA
S00374,NETRAKONA
S00375,NETRAKONA
S00376,RAJBARI
S00377,RAJBARI
S00378,RAJBARI
S00379,RAJBARI
S00380,RAJBARI
S00381,SHARIATPUR
S00382,SHARIATPUR
S00383,SHARIATPUR
S00384,SHARIATPUR
S00385,SHARIATPUR
S00386,SHARIATPUR
S00387,SHERPUR
S00388,SHERPUR
S00389,SHERPUR
S00390,SHERPUR
S00391,SHERPUR
S00392,TANGAIL
S00393,TANGAIL
S00394,TANGAIL
S00395,TANGAIL
S00396,TANGAIL
S00397,TANGAIL
S00398,TANGAIL
S00399,TANGAIL
S00400,TANGAIL
S00401,TANGAIL
S00402,TANGAIL
S00403,TANGAIL
S00404,BANDARBAN
S00405,BANDARBAN
S00406,BANDARBAN
S00407,BANDARBAN
S00408,BANDARBAN
S00409,BANDARBAN
S00410,BANDARBAN
S00411,BRAHMANBARIA
S00412,BRAHMANBARIA
S00413,BRAHMANBARIA
S00414,BRAHMANBARIA
S00415,BRAHMANBARIA
S00416,BRAHMANBARIA
S00417,BRAHMANBARIA
S00418,BRAHMANBARIA
S00419,BRAHMANBARIA
S00420,CHANDPUR
S00421,CHANDPUR
S00422,CHANDPUR
S00423,CHANDPUR
S00424,CHANDPUR
S00425,CHANDPUR
S00426,CHANDPUR
S00427,CHANDPUR
S00428,CHITTAGONG
S00429,CHITTAGONG
S00430,CHITTAGONG
S00431,CHITTAGONG
S00432,CHITTAGONG
S00433,CHITTAGONG
S00434,CHITTAGONG
S00435,CHITTAGONG
S00436,CHITTAGONG
S00437,CHITTAGONG
S00438,CHITTAGONG
S00439,CHITTAGONG
S00440,CHITTAGONG
S00441,CHITTAGONG
S00442,CHITTAGONG
S00443,CHITTAGONG
S00444,CHITTAGONG
S00445,CHITTAGONG
S00446,CHITTAGONG
S00447,CHITTAGONG
S00448,CHITTAGONG
S00449,CHITTAGONG
S00450,CHITTAGONG
S00451,CHITTAGONG
S00452,CHITTAGONG
S00453,COMILLA
S00454,COMILLA
S00455,COMILLA
S00456,COMILLA
S00457,COMILLA
S00458,COMILLA
S00459,COMILLA
S00460,COMILLA
S00461,COMILLA
S00462,COMILLA
S00463,COMILLA
S00464,COMILLA
S00465,COMILLA
S00466,COMILLA
S00467,COMILLA
S00468,COMILLA
S00469,COX'S BAZAR
S00470,COX'S BAZAR
S00471,COX'S BAZAR
S00472,COX'S BAZAR
S00473,COX'S BAZAR
S00474,COX'S BAZAR
S00475,COX'S BAZAR
S00476,COX'S BAZAR
S00477,FENI
S00478,FENI
S00479,FENI
S00480,FENI
S00481,FENI
S00482,FENI
S00483,KHAGRACHHARI
S00484,KHAGRACHHARI
S00485,KHAGRACHHARI
S00486,KHAGRACHHARI
S00487,KHAGRACHHARI
S00488,KHAGRACHHARI
S00489,KHAGRACHHARI
S00490,KHAGRACHHARI
S00491,LAKSHMIPUR
S00492,LAKSHMIPUR
S00493,LAKSHMIPUR
S00494,LAKSHMIPUR
S00495,LAKSHMIPUR
S00496,NOAKHALI
S00497,NOAKHALI
S00498,NOAKHALI
S00499,NOAKHALI
S00500,NOAKHALI
S00501,NOAKHALI
S00502,NOAKHALI
S00503,NOAKHALI
S00504,NOAKHALI
S00505,RANGAMATI
S00506,RANGAMATI
S00507,RANGAMATI
S00508,RANGAMATI
S00509,RANGAMATI
S00510,RANGAMATI
S00511,RANGAMATI
S00512,RANGAMATI
S00513,RANGAMATI
S00514,RANGAMATI
S00515,BARGUNA
S00516,BARGUNA
S00517,BARGUNA
S00518,BARGUNA
S00519,BARGUNA
S00520,BARGUNA
S00521,BARISAL
S00522,BARISAL
S00523,BARISAL
S00524,BARISAL
S00525,BARISAL
S00526,BARISAL
S00527,BARISAL
S00528,BARISAL
S00529,BARISAL
S00530,BARISAL
S00531,BHOLA
S00532,BHOLA
S00533,BHOLA
S00534,BHOLA
S00535,BHOLA
S00536,BHOLA
S00537,BHOLA
S00538,JHALOKATI
S00539,JHALOKATI
S00540,JHALOKATI
S00541,JHALOKATI
S00542,PATUAKHALI
S00543,PATUAKHALI
S00544,PATUAKHALI
S00545,PATUAKHALI
S00546,PATUAKHALI
S00547,PATUAKHALI
S00548,PATUAKHALI
S00549,PATUAKHALI
S00550,PIROJPUR
S00551,PIROJPUR
S00552,PIROJPUR
S00553,PIROJPUR
S00554,PIROJPUR
S00555,PIROJPUR
S00556,PIROJPUR
S00557,RAJSHAHI
S00558,RAJSHAHI
S00559,RAJSHAHI
S00560,RAJSHAHI
S00561,RAJSHAHI
S00562,RAJSHAHI
S00563,RAJSHAHI
S00564,RAJSHAHI
S00565,RAJSHAHI
S00566,RAJSHAHI
S00567,RAJSHAHI
S00568,RAJSHAHI
S00569,RAJSHAHI
S00570,KHULNA
S00571,KHULNA
S00572,KHULNA
S00573,KHULNA
S00574,KHULNA
S00575,KHULNA
S00576,KHULNA
S00577,KHULNA
S00578,KHULNA
S00579,KHULNA
S00580,KHULNA
S00581,KHULNA
S00582,KHULNA
S00583,KHULNA
S00584,DHAKA
S00585,DHAKA
S00586,DHAKA
S00587,DHAKA
S00588,DHAKA
S00589,DHAKA
S00590,DHAKA
S00591,DHAKA
S00592,DHAKA
S00593,DHAKA
S00594,DHAKA
S00595,DHAKA
S00596,DHAKA
S00597,DHAKA
S00598,DHAKA
S00599,DHAKA
S00600,DHAKA
S00601,DHAKA
S00602,DHAKA
S00603,DHAKA
S00604,DHAKA
S00605,DHAKA
S00606,DHAKA
S00607,DHAKA
S00608,DHAKA
S00609,DHAKA
S00610,DHAKA
S00611,DHAKA
S00612,DHAKA
S00613,DHAKA
S00614,DHAKA
S00615,DHAKA
S00616,DHAKA
S00617,DHAKA
S00618,DHAKA
S00619,DHAKA
S00620,DHAKA
S00621,DHAKA
S00622,DHAKA
S00623,DHAKA
S00624,DHAKA
S00625,DHAKA
S00626,DHAKA
S00627,DHAKA
S00628,DHAKA
S00629,DHAKA
S00630,DHAKA
S00631,DHAKA
S00632,DHAKA
S00633,DHAKA
S00634,DHAKA
S00635,DHAKA
S00636,DHAKA
S00637,DHAKA
S00638,DHAKA
S00639,DHAKA
S00640,DHAKA
S00641,DHAKA
S00642,DHAKA
S00643,DHAKA
S00644,DHAKA
S00645,DHAKA
S00646,DHAKA
S00647,DHAKA
S00648,DHAKA
S00649,DHAKA
S00650,DHAKA
S00651,DHAKA
S00652,DHAKA
S00653,DHAKA
S00654,DHAKA
S00655,DHAKA
S00656,DHAKA
S00657,DHAKA
S00658,DHAKA
S00659,DHAKA
S00660,DHAKA
S00661,DHAKA
S00662,DHAKA
S00663,DHAKA
S00664,DHAKA
S00665,DHAKA
S00666,DHAKA
S00667,DHAKA
S00668,DHAKA
S00669,DHAKA
S00670,DHAKA
S00671,DHAKA
S00672,DHAKA
S00673,DHAKA
S00674,DHAKA
S00675,DHAKA
S00676,DHAKA
S00677,DHAKA
S00678,DHAKA
S00679,DHAKA
S00680,DHAKA
S00681,DHAKA
S00682,DHAKA
S00683,DHAKA
S00684,DHAKA
S00685,DHAKA
S00686,DHAKA
S00687,DHAKA
S00688,DHAKA
S00689,DHAKA
S00690,DHAKA
S00691,DHAKA
S00692,CHITTAGONG
S00693,CHITTAGONG
S00694,CHITTAGONG
S00695,CHITTAGONG
S00696,CHITTAGONG
S00697,CHITTAGONG
S00698,CHITTAGONG
S00699,CHITTAGONG
S00700,CHITTAGONG
S00701,CHITTAGONG
S00702,CHITTAGONG
S00703,CHITTAGONG
S00704,CHITTAGONG
S00705,CHITTAGONG
S00706,CHITTAGONG
S00707,CHITTAGONG
S00708,CHITTAGONG
S00709,CHITTAGONG
S00710,CHITTAGONG
S00711,CHITTAGONG
S00712,CHITTAGONG
S00713,CHITTAGONG
S00714,CHITTAGONG
S00715,CHITTAGONG
S00716,CHITTAGONG
S00717,BARISAL
S00718,BARISAL
S00719,BARISAL
S00720,BARISAL
S00721,BARISAL
S00722,BARISAL
S00723,BARISAL
S00724,BARISAL
S00725,BARISAL
S00726,BARISAL